/*
SQLyog Ultimate v12.5.0 (64 bit)
MySQL - 10.4.27-MariaDB : Database - 21690_ahmed_mujtaba_blog_app
*********************************************************************
*/

/*!40101 SET NAMES utf8 */;

/*!40101 SET SQL_MODE=''*/;

/*!40014 SET @OLD_UNIQUE_CHECKS=@@UNIQUE_CHECKS, UNIQUE_CHECKS=0 */;
/*!40014 SET @OLD_FOREIGN_KEY_CHECKS=@@FOREIGN_KEY_CHECKS, FOREIGN_KEY_CHECKS=0 */;
/*!40101 SET @OLD_SQL_MODE=@@SQL_MODE, SQL_MODE='NO_AUTO_VALUE_ON_ZERO' */;
/*!40111 SET @OLD_SQL_NOTES=@@SQL_NOTES, SQL_NOTES=0 */;
CREATE DATABASE /*!32312 IF NOT EXISTS*/`21690_ahmed_mujtaba_blog_app` /*!40100 DEFAULT CHARACTER SET utf8mb4 COLLATE utf8mb4_general_ci */;

USE `21690_ahmed_mujtaba_blog_app`;

/*Table structure for table `blog` */

DROP TABLE IF EXISTS `blog`;

CREATE TABLE `blog` (
  `blog_id` int(11) NOT NULL AUTO_INCREMENT,
  `user_id` int(11) DEFAULT NULL,
  `blog_title` varchar(200) DEFAULT NULL,
  `post_per_page` int(11) DEFAULT NULL,
  `blog_background_image` text DEFAULT NULL,
  `blog_status` enum('Active','InActive') DEFAULT NULL,
  `created_at` timestamp NOT NULL DEFAULT current_timestamp(),
  `updated_at` varchar(30) DEFAULT NULL,
  PRIMARY KEY (`blog_id`),
  KEY `user_id` (`user_id`),
  CONSTRAINT `blog_ibfk_1` FOREIGN KEY (`user_id`) REFERENCES `user` (`user_id`) ON DELETE CASCADE ON UPDATE CASCADE
) ENGINE=InnoDB AUTO_INCREMENT=5 DEFAULT CHARSET=utf8mb4 COLLATE=utf8mb4_general_ci;

/*Data for the table `blog` */

insert  into `blog`(`blog_id`,`user_id`,`blog_title`,`post_per_page`,`blog_background_image`,`blog_status`,`created_at`,`updated_at`) values 
(1,3,'Geo News Official',5,'Blog_Backgrounds/_geo.jpg','Active','2024-09-25 09:53:20',NULL),
(2,3,'Health &amp; Tips',3,'Blog_Backgrounds/_Healthcare-ti0902945.jpg','Active','2024-09-25 10:25:03',NULL),
(3,5,'Espncricinfo Blog',3,'Blog_Backgrounds/_espncricinfo-logo-1251522122.jpg','Active','2024-09-25 10:54:05',NULL),
(4,5,'Education News',5,'Blog_Backgrounds/_th-.jpg','Active','2024-09-25 11:32:34',NULL);

/*Table structure for table `category` */

DROP TABLE IF EXISTS `category`;

CREATE TABLE `category` (
  `category_id` int(11) NOT NULL AUTO_INCREMENT,
  `category_title` varchar(100) DEFAULT NULL,
  `category_description` text DEFAULT NULL,
  `category_status` enum('Active','InActive') DEFAULT NULL,
  `created_at` timestamp NOT NULL DEFAULT current_timestamp() ON UPDATE current_timestamp(),
  `updated_at` timestamp NULL DEFAULT NULL,
  PRIMARY KEY (`category_id`)
) ENGINE=InnoDB AUTO_INCREMENT=6 DEFAULT CHARSET=utf8mb4 COLLATE=utf8mb4_general_ci;

/*Data for the table `category` */

insert  into `category`(`category_id`,`category_title`,`category_description`,`category_status`,`created_at`,`updated_at`) values 
(1,'News and Affair','News and Current Affair','Active','2024-09-25 09:56:28',NULL),
(2,'Sports','Sports news and All stuff','Active','2024-09-25 10:19:28',NULL),
(3,'Health and Fitness','Health is most essential','Active','2024-09-25 10:27:10',NULL),
(4,'Vehicle and Motor Sport','Vehicle News','Active','2024-09-25 10:27:29',NULL),
(5,'Education and Alumini','Education related Posts','Active','2024-09-25 11:34:45',NULL);

/*Table structure for table `following_blog` */

DROP TABLE IF EXISTS `following_blog`;

CREATE TABLE `following_blog` (
  `follow_id` int(11) NOT NULL AUTO_INCREMENT,
  `follower_id` int(11) DEFAULT NULL,
  `blog_following_id` int(11) DEFAULT NULL,
  `status` enum('Followed','Unfollowed') DEFAULT 'Followed',
  `created_at` timestamp NOT NULL DEFAULT current_timestamp() ON UPDATE current_timestamp(),
  `updated_at` timestamp NULL DEFAULT NULL,
  PRIMARY KEY (`follow_id`),
  KEY `blog_following_id` (`blog_following_id`),
  KEY `follower_id` (`follower_id`),
  CONSTRAINT `following_blog_ibfk_1` FOREIGN KEY (`blog_following_id`) REFERENCES `blog` (`blog_id`) ON DELETE CASCADE ON UPDATE CASCADE,
  CONSTRAINT `following_blog_ibfk_2` FOREIGN KEY (`follower_id`) REFERENCES `user` (`user_id`) ON DELETE CASCADE ON UPDATE CASCADE
) ENGINE=InnoDB AUTO_INCREMENT=3 DEFAULT CHARSET=utf8mb4 COLLATE=utf8mb4_general_ci;

/*Data for the table `following_blog` */

insert  into `following_blog`(`follow_id`,`follower_id`,`blog_following_id`,`status`,`created_at`,`updated_at`) values 
(1,4,1,'Unfollowed','2024-09-25 09:54:27',NULL),
(2,3,4,'Unfollowed','2024-09-25 11:43:57',NULL);

/*Table structure for table `post` */

DROP TABLE IF EXISTS `post`;

CREATE TABLE `post` (
  `post_id` int(11) NOT NULL AUTO_INCREMENT,
  `blog_id` int(11) DEFAULT NULL,
  `post_title` varchar(200) NOT NULL,
  `post_summary` text NOT NULL,
  `post_description` longtext NOT NULL,
  `featured_image` text DEFAULT NULL,
  `post_status` enum('Active','InActive') DEFAULT NULL,
  `is_comment_allowed` tinyint(1) NOT NULL DEFAULT 1,
  `created_at` timestamp NOT NULL DEFAULT current_timestamp(),
  `updated_at` timestamp NULL DEFAULT NULL,
  PRIMARY KEY (`post_id`),
  KEY `blog_id` (`blog_id`),
  CONSTRAINT `post_ibfk_1` FOREIGN KEY (`blog_id`) REFERENCES `blog` (`blog_id`) ON DELETE CASCADE ON UPDATE CASCADE
) ENGINE=InnoDB AUTO_INCREMENT=6 DEFAULT CHARSET=utf8mb4 COLLATE=utf8mb4_general_ci;

/*Data for the table `post` */

insert  into `post`(`post_id`,`blog_id`,`post_title`,`post_summary`,`post_description`,`featured_image`,`post_status`,`is_comment_allowed`,`created_at`,`updated_at`) values 
(1,1,'Nawaz Sharif flies to London after defeat in election','Election 2024 : Nawaz Sharif Flies back to london after heavy defeat by PTI Azad Canidates','Lorem Ipsum is simply dummy text of the printing and typesetting industry. Lorem Ipsum has been the industry&#039;s standard dummy text ever since the 1500s, when an unknown printer took a galley of type and scrambled it to make a type specimen book. It has survived not only five centuries, but also the leap into electronic typesetting, remaining essentially unchanged. It was popularised in the 1960s with the release of Letraset sheets containing Lorem Ipsum passages, and more recently with desktop publishing softwarLorem Ipsum is simply dummy text of the printing and typesetting industry. Lorem Ipsum has been the industry&#039;s standard dummy text ever since the 1500s, when an unknown printer took a galley of type and scrambled it to make a type specimen book. It has survived not only five centuries, but also the leap into electronic typesetting, remaining essentially unchanged. It was popularised in the 1960s with the release of Letraset sheets containing Lorem Ipsum passages, and more recently with desktop publishing softwarLorem Ipsum is simply dummy text of the printing and typesetting industry. Lorem Ipsum has been the industry&#039;s standard dummy text ever since the 1500s, when an unknown printer took a galley of type and scrambled it to make a type specimen book. It has survived not only five centuries, but also the leap into electronic typesetting, remaining essentially unchanged. It was popularised in the 1960s with the release of Letraset sheets containing Lorem Ipsum passages, and more recently with desktop publishing softwarLorem Ipsum is simply dummy text of the printing and typesetting industry. Lorem Ipsum has been the industry&#039;s standard dummy text ever since the 1500s, when an unknown printer took a galley of type and scrambled it to make a type specimen book. It has survived not only five centuries, but also the leap into electronic typesetting, remaining essentially unchanged. It was popularised in the 1960s with the release of Letraset sheets containing Lorem Ipsum passages, and more recently with desktop publishing softwar','post_featured_images/1424259783_Untitled.jpg','Active',1,'2024-09-25 10:01:34','2024-09-25 10:03:18'),
(2,2,'Benifits of going to gym daily','Gym and exercise daily keeps you fresh for the whole day','Lorem Ipsum is simply dummy text of the printing and typesetting industry. Lorem Ipsum has been the industry&#039;s standard dummy text ever since the 1500s, when an unknown printer took a galley of type and scrambled it to make a type specimen book. It has survived not only five centuries, but also the leap into electronic typesetting, remaining essentially unchanged. It was popularised in the 1960s with the release of Letraset sheets containing Lorem Ipsum passages, and more recently with desktop publishing softwarLorem Ipsum is simply dummy text of the printing and typesetting industry. Lorem Ipsum has been the industry&#039;s standard dummy text ever since the 1500s, when an unknown printer took a galley of type and scrambled it to make a type specimen book. It has survived not only five centuries, but also the leap into electronic typesetting, remaining essentially unchanged. It was popularised in the 1960s with the release of Letraset sheets containing Lorem Ipsum passages, and more recently with desktop publishing softwarLorem Ipsum is simply dummy text of the printing and typesetting industry. Lorem Ipsum has been the industry&#039;s standard dummy text ever since the 1500s, when an unknown printer took a galley of type and scrambled it to make a type specimen book. It has survived not only five centuries, but also the leap into electronic typesetting, remaining essentially unchanged. It was popularised in the 1960s with the release of Letraset sheets containing Lorem Ipsum passages, and more recently with desktop publishing softwarLorem Ipsum is simply dummy text of the printing and typesetting industry. Lorem Ipsum has been the industry&#039;s standard dummy text ever since the 1500s, when an unknown printer took a galley of type and scrambled it to make a type specimen book. It has survived not only five centuries, but also the leap into electronic typesetting, remaining essentially unchanged. It was popularised in the 1960s with the release of Letraset sheets containing Lorem Ipsum passages, and more recently with desktop publishing softwar','post_featured_images/889847521_bodybuilding-tips-559586912.jpg','Active',1,'2024-09-25 10:32:21',NULL),
(3,3,'India tour of Austrailia Rivalry','India becomes the 1st ever test team to beat the mighty Aussies in their own Backyard','Lorem Ipsum is simply dummy text of the printing and typesetting industry. Lorem Ipsum has been the industry&#039;s standard dummy text ever since the 1500s, when an unknown printer took a galley of type and scrambled it to make a type specimen book. It has survived not only five centuries, but also the leap into electronic typesetting, remaining essentially unchanged. It was popularised in the 1960s with the release of Letraset sheets containing Lorem Ipsum passages, and more recently with desktop publishing softwarLorem Ipsum is simply dummy text of the printing and typesetting industry. Lorem Ipsum has been the industry&#039;s standard dummy text ever since the 1500s, when an unknown printer took a galley of type and scrambled it to make a type specimen book. It has survived not only five centuries, but also the leap into electronic typesetting, remaining essentially unchanged. It was popularised in the 1960s with the release of Letraset sheets containing Lorem Ipsum passages, and more recently with desktop publishing softwarLorem Ipsum is simply dummy text of the printing and typesetting industry. Lorem Ipsum has been the industry&#039;s standard dummy text ever since the 1500s, when an unknown printer took a galley of type and scrambled it to make a type specimen book. It has survived not only five centuries, but also the leap into electronic typesetting, remaining essentially unchanged. It was popularised in the 1960s with the release of Letraset sheets containing Lorem Ipsum passages, and more recently with desktop publishing softwarLorem Ipsum is simply dummy text of the printing and typesetting industry. Lorem Ipsum has been the industry&#039;s standard dummy text ever since the 1500s, when an unknown printer took a galley of type and scrambled it to make a type specimen book. It has survived not only five centuries, but also the leap into electronic typesetting, remaining essentially unchanged. It was popularised in the 1960s with the release of Letraset sheets containing Lorem Ipsum passages, and more recently with desktop publishing softwar','post_featured_images/1957556536_australia.jpg','Active',1,'2024-09-25 10:57:31',NULL),
(4,4,'Turky Scholarships 2024','Turky Universities announces 100+ scholarships for atleast 10,000+ post graduates ','Lorem Ipsum is simply dummy text of the printing and typesetting industry. Lorem Ipsum has been the industry&#039;s standard dummy text ever since the 1500s, when an unknown printer took a galley of type and scrambled it to make a type specimen book. It has survived not only five centuries, but also the leap into electronic typesetting, remaining essentially unchanged. It was popularised in the 1960s with the release of Letraset sheets containing Lorem Ipsum passages, and more recently with desktop publishing softwarLorem Ipsum is simply dummy text of the printing and typesetting industry. Lorem Ipsum has been the industry&#039;s standard dummy text ever since the 1500s, when an unknown printer took a galley of type and scrambled it to make a type specimen book. It has survived not only five centuries, but also the leap into electronic typesetting, remaining essentially unchanged. It was popularised in the 1960s with the release of Letraset sheets containing Lorem Ipsum passages, and more recently with desktop publishing softwarLorem Ipsum is simply dummy text of the printing and typesetting industry. Lorem Ipsum has been the industry&#039;s standard dummy text ever since the 1500s, when an unknown printer took a galley of type and scrambled it to make a type specimen book. It has survived not only five centuries, but also the leap into electronic typesetting, remaining essentially unchanged. It was popularised in the 1960s with the release of Letraset sheets containing Lorem Ipsum passages, and more recently with desktop publishing softwarLorem Ipsum is simply dummy text of the printing and typesetting industry. Lorem Ipsum has been the industry&#039;s standard dummy text ever since the 1500s, when an unknown printer took a galley of type and scrambled it to make a type specimen book. It has survived not only five centuries, but also the leap into electronic typesetting, remaining essentially unchanged. It was popularised in the 1960s with the release of Letraset sheets containing Lorem Ipsum passages, and more recently with desktop publishing softwarLorem Ipsum is simply dummy text of the printing and typesetting industry. Lorem Ipsum has been the industry&#039;s standard dummy text ever since the 1500s, when an unknown printer took a galley of type and scrambled it to make a type specimen book. It has survived not only five centuries, but also the leap into electronic typesetting, remaining essentially unchanged. It was popularised in the 1960s with the release of Letraset sheets containing Lorem Ipsum passages, and more recently with desktop publishing softwar','post_featured_images/207275442_Turkey-Scholarship.jpg','Active',1,'2024-09-25 11:38:26',NULL),
(5,4,'England Yorkshire Scholarship 2023/24','Study in England is been a worthy these days as Yorkshire announced scholarships for needy Students around the world','Lorem Ipsum is simply dummy text of the printing and typesetting industry. Lorem Ipsum has been the industry&#039;s standard dummy text ever since the 1500s, when an unknown printer took a galley of type and scrambled it to make a type specimen book. It has survived not only five centuries, but also the leap into electronic typesetting, remaining essentially unchanged. It was popularised in the 1960s with the release of Letraset sheets containing Lorem Ipsum passages, and more recently with desktop publishing softwarLorem Ipsum is simply dummy text of the printing and typesetting industry. Lorem Ipsum has been the industry&#039;s standard dummy text ever since the 1500s, when an unknown printer took a galley of type and scrambled it to make a type specimen book. It has survived not only five centuries, but also the leap into electronic typesetting, remaining essentially unchanged. It was popularised in the 1960s with the release of Letraset sheets containing Lorem Ipsum passages, and more recently with desktop publishing softwarLorem Ipsum is simply dummy text of the printing and typesetting industry. Lorem Ipsum has been the industry&#039;s standard dummy text ever since the 1500s, when an unknown printer took a galley of type and scrambled it to make a type specimen book. It has survived not only five centuries, but also the leap into electronic typesetting, remaining essentially unchanged. It was popularised in the 1960s with the release of Letraset sheets containing Lorem Ipsum passages, and more recently with desktop publishing softwarLorem Ipsum is simply dummy text of the printing and typesetting industry. Lorem Ipsum has been the industry&#039;s standard dummy text ever since the 1500s, when an unknown printer took a galley of type and scrambled it to make a type specimen book. It has survived not only five centuries, but also the leap into electronic typesetting, remaining essentially unchanged. It was popularised in the 1960s with the release of Letraset sheets containing Lorem Ipsum passages, and more recently with desktop publishing softwar','post_featured_images/590875644_202.png','Active',1,'2024-09-25 11:41:53',NULL);

/*Table structure for table `post_atachment` */

DROP TABLE IF EXISTS `post_atachment`;

CREATE TABLE `post_atachment` (
  `post_atachment_id` int(11) NOT NULL AUTO_INCREMENT,
  `post_id` int(11) DEFAULT NULL,
  `post_attachment_title` varchar(200) DEFAULT NULL,
  `post_attachment_path` text DEFAULT NULL,
  `is_active` enum('Active','InActive') DEFAULT NULL,
  `created_at` timestamp NOT NULL DEFAULT current_timestamp() ON UPDATE current_timestamp(),
  `updated_at` timestamp NULL DEFAULT NULL,
  PRIMARY KEY (`post_atachment_id`),
  KEY `fk1` (`post_id`),
  CONSTRAINT `fk1` FOREIGN KEY (`post_id`) REFERENCES `post` (`post_id`) ON DELETE CASCADE ON UPDATE CASCADE
) ENGINE=InnoDB AUTO_INCREMENT=3 DEFAULT CHARSET=utf8mb4 COLLATE=utf8mb4_general_ci;

/*Data for the table `post_atachment` */

insert  into `post_atachment`(`post_atachment_id`,`post_id`,`post_attachment_title`,`post_attachment_path`,`is_active`,`created_at`,`updated_at`) values 
(1,2,'Simple','post_atchments/1423666709_Cars.jpg','Active','2024-09-25 10:32:21',NULL),
(2,5,'Frorm','post_atchments/1021273016_sample-pdf-file.pdf','Active','2024-09-25 11:41:53',NULL);

/*Table structure for table `post_category` */

DROP TABLE IF EXISTS `post_category`;

CREATE TABLE `post_category` (
  `post_category_id` int(11) NOT NULL AUTO_INCREMENT,
  `post_id` int(11) DEFAULT NULL,
  `category_id` int(11) DEFAULT NULL,
  `created_at` timestamp NOT NULL DEFAULT current_timestamp() ON UPDATE current_timestamp(),
  `updated_at` timestamp NULL DEFAULT NULL,
  PRIMARY KEY (`post_category_id`),
  KEY `post_id` (`post_id`),
  KEY `category_id` (`category_id`),
  CONSTRAINT `post_category_ibfk_1` FOREIGN KEY (`post_id`) REFERENCES `post` (`post_id`) ON DELETE CASCADE ON UPDATE CASCADE,
  CONSTRAINT `post_category_ibfk_2` FOREIGN KEY (`category_id`) REFERENCES `category` (`category_id`) ON DELETE CASCADE ON UPDATE CASCADE
) ENGINE=InnoDB AUTO_INCREMENT=6 DEFAULT CHARSET=utf8mb4 COLLATE=utf8mb4_general_ci;

/*Data for the table `post_category` */

insert  into `post_category`(`post_category_id`,`post_id`,`category_id`,`created_at`,`updated_at`) values 
(1,1,1,'2024-09-25 10:03:18','2024-09-25 10:03:18'),
(2,2,3,'2024-09-25 10:32:21',NULL),
(3,3,2,'2024-09-25 10:57:31',NULL),
(4,4,5,'2024-09-25 11:38:26',NULL),
(5,5,5,'2024-09-25 11:41:53',NULL);

/*Table structure for table `post_comment` */

DROP TABLE IF EXISTS `post_comment`;

CREATE TABLE `post_comment` (
  `post_comment_id` int(11) NOT NULL AUTO_INCREMENT,
  `post_id` int(11) DEFAULT NULL,
  `user_id` int(11) DEFAULT NULL,
  `comment` text DEFAULT NULL,
  `is_active` enum('Active','InActive') DEFAULT NULL,
  `comment_time` timestamp NOT NULL DEFAULT current_timestamp() ON UPDATE current_timestamp(),
  PRIMARY KEY (`post_comment_id`),
  KEY `user_id` (`user_id`),
  KEY `post_id` (`post_id`),
  CONSTRAINT `post_comment_ibfk_1` FOREIGN KEY (`user_id`) REFERENCES `user` (`user_id`) ON DELETE CASCADE ON UPDATE CASCADE,
  CONSTRAINT `post_comment_ibfk_2` FOREIGN KEY (`post_id`) REFERENCES `post` (`post_id`) ON DELETE CASCADE ON UPDATE CASCADE
) ENGINE=InnoDB AUTO_INCREMENT=6 DEFAULT CHARSET=utf8mb4 COLLATE=utf8mb4_general_ci;

/*Data for the table `post_comment` */

insert  into `post_comment`(`post_comment_id`,`post_id`,`user_id`,`comment`,`is_active`,`comment_time`) values 
(1,1,3,'Why he flied back??','Active','2024-09-25 10:06:12'),
(2,3,5,'Wow what a feeling','Active','2024-09-25 10:58:17'),
(3,3,3,'Kohli has taken away from the Aussies','Active','2024-09-25 10:59:59'),
(4,2,3,'hi this is comenting','Active','2024-09-25 11:59:09'),
(5,2,4,'Bad Comment','InActive','2024-09-25 12:00:43');

/*Table structure for table `role` */

DROP TABLE IF EXISTS `role`;

CREATE TABLE `role` (
  `role_id` int(11) NOT NULL AUTO_INCREMENT,
  `role_type` varchar(50) NOT NULL,
  `is_active` enum('Active','InActive') DEFAULT 'Active',
  PRIMARY KEY (`role_id`)
) ENGINE=InnoDB AUTO_INCREMENT=3 DEFAULT CHARSET=utf8mb4 COLLATE=utf8mb4_general_ci;

/*Data for the table `role` */

insert  into `role`(`role_id`,`role_type`,`is_active`) values 
(1,'Admin','Active'),
(2,'User','Active');

/*Table structure for table `setting` */

DROP TABLE IF EXISTS `setting`;

CREATE TABLE `setting` (
  `setting_id` int(11) NOT NULL AUTO_INCREMENT,
  `user_id` int(11) DEFAULT NULL,
  `setting_key` varchar(100) DEFAULT NULL,
  `setting_value` varchar(100) DEFAULT NULL,
  `setting_status` enum('Active','InActive') DEFAULT NULL,
  `created_at` timestamp NOT NULL DEFAULT current_timestamp() ON UPDATE current_timestamp(),
  `updated_at` timestamp NULL DEFAULT NULL,
  PRIMARY KEY (`setting_id`),
  KEY `user_id` (`user_id`),
  CONSTRAINT `setting_ibfk_1` FOREIGN KEY (`user_id`) REFERENCES `user` (`user_id`) ON DELETE CASCADE ON UPDATE CASCADE
) ENGINE=InnoDB DEFAULT CHARSET=utf8mb4 COLLATE=utf8mb4_general_ci;

/*Data for the table `setting` */

/*Table structure for table `user` */

DROP TABLE IF EXISTS `user`;

CREATE TABLE `user` (
  `user_id` int(11) NOT NULL AUTO_INCREMENT,
  `role_id` int(11) DEFAULT NULL,
  `first_name` varchar(50) NOT NULL,
  `last_name` varchar(50) NOT NULL,
  `email` varchar(50) DEFAULT NULL,
  `password` text NOT NULL,
  `gender` enum('Male','Female') DEFAULT NULL,
  `date_of_birth` date DEFAULT NULL,
  `user_image` text DEFAULT NULL,
  `address` text DEFAULT NULL,
  `is_approved` enum('Pending','Approved','Rejected') DEFAULT 'Pending',
  `is_active` enum('Active','InActive') DEFAULT 'InActive',
  `created_at` timestamp NOT NULL DEFAULT current_timestamp(),
  `updated_at` varchar(30) DEFAULT NULL,
  PRIMARY KEY (`user_id`),
  UNIQUE KEY `email` (`email`),
  KEY `role_id` (`role_id`),
  CONSTRAINT `user_ibfk_1` FOREIGN KEY (`role_id`) REFERENCES `role` (`role_id`) ON DELETE CASCADE ON UPDATE CASCADE
) ENGINE=InnoDB AUTO_INCREMENT=6 DEFAULT CHARSET=utf8mb4 COLLATE=utf8mb4_general_ci;

/*Data for the table `user` */

insert  into `user`(`user_id`,`role_id`,`first_name`,`last_name`,`email`,`password`,`gender`,`date_of_birth`,`user_image`,`address`,`is_approved`,`is_active`,`created_at`,`updated_at`) values 
(3,1,'Ahmed','Mujtaba','ahmed@gmail.com','Ahmed@123','Male','2001-08-17','user_images/ahmed@gmail.com_ppic4.jpg','Hyderabad,Sindh','Approved','Active','2024-09-25 09:40:24','2024-25-09 09:41:17'),
(4,2,'Khan','Muhammad','khan@gmail.com','Khan@123','Male','2001-08-12','user_images/khan@gmail.com_pic.jpg','Happy,Homes,Qasimabad,hyderabad','Approved','Active','2024-09-25 09:45:11','2024-25-09 11:45:55'),
(5,1,'Rahim','Khan','rahim@gmail.com','Rk@12345','Male','2002-09-12','user_images/rahim@gmail.com_64.jpg','Khan Goth','Approved','Active','2024-09-25 10:50:41',NULL);

/*Table structure for table `user_feedback` */

DROP TABLE IF EXISTS `user_feedback`;

CREATE TABLE `user_feedback` (
  `feedback_id` int(11) NOT NULL AUTO_INCREMENT,
  `user_id` int(11) DEFAULT NULL,
  `user_name` varchar(100) DEFAULT NULL,
  `user_email` varchar(100) DEFAULT NULL,
  `feedback` text DEFAULT NULL,
  `created_at` timestamp NOT NULL DEFAULT current_timestamp() ON UPDATE current_timestamp(),
  PRIMARY KEY (`feedback_id`),
  KEY `user_id` (`user_id`),
  CONSTRAINT `user_feedback_ibfk_1` FOREIGN KEY (`user_id`) REFERENCES `user` (`user_id`) ON DELETE CASCADE ON UPDATE CASCADE
) ENGINE=InnoDB AUTO_INCREMENT=2 DEFAULT CHARSET=utf8mb4 COLLATE=utf8mb4_general_ci;

/*Data for the table `user_feedback` */

insert  into `user_feedback`(`feedback_id`,`user_id`,`user_name`,`user_email`,`feedback`,`created_at`) values 
(1,3,'Ahmed Mujtaba','ahmed@gmail.com','Hello this is admin givving feedback','2024-09-25 10:20:26');

/*!40101 SET SQL_MODE=@OLD_SQL_MODE */;
/*!40014 SET FOREIGN_KEY_CHECKS=@OLD_FOREIGN_KEY_CHECKS */;
/*!40014 SET UNIQUE_CHECKS=@OLD_UNIQUE_CHECKS */;
/*!40111 SET SQL_NOTES=@OLD_SQL_NOTES */;
